user_id,user_name,user_email
1,Jordan Potts,jordandennis@example.net
2,Lisa Nguyen,petermiranda@example.net
3,Nicholas Ford,roberthodges@example.com
4,Regina Shaw,tiffanyrobinson@example.org
5,Barry Ross,nicole02@example.com
6,Pamela Bray,joseperry@example.org
7,Thomas Baker,nicholaswilson@example.org
8,Jeremy Hill,znelson@example.net
9,Michael Sherman,fergusonlindsay@example.net
10,Michael Davis,abbottsara@example.com
11,Austin Holmes,ybrown@example.net
12,Robert Campbell,michaela44@example.com
13,Leah Figueroa,jameswilliams@example.com
14,Daniel Kemp,shawemily@example.net
15,Paul Perez,maddenmichael@example.net
